date,stimulus1_bid,stimulus1_height,stimulus1_id,stimulus1_imgObject,stimulus1_key,stimulus1_loaded,stimulus1_loadedTime,stimulus1_origHeight,stimulus1_origWidth,stimulus1_positionCoords,stimulus1_positionName,stimulus1_rescaleHeight,stimulus1_src,stimulus1_trialN,stimulus1_width,stimulus1_widthPercent,stimulus2_bid,stimulus2_height,stimulus2_id,stimulus2_imgObject,stimulus2_key,stimulus2_loaded,stimulus2_loadedTime,stimulus2_origHeight,stimulus2_origWidth,stimulus2_positionCoords,stimulus2_positionName,stimulus2_rescaleHeight,stimulus2_src,stimulus2_trialN,stimulus2_width,stimulus2_widthPercent,subjectID
2018-01-03 12:57:44,0.34,432,Almondjoy,{},u,True,354.755,432,576,"[38.4, 135.5]",LEFT,False,/static/stim/Almondjoy.bmp,0,576,0.45,4.29,432,Milkduds,{},i,True,369.59,432,576,"[665.6, 135.5]",RIGHT,False,/static/stim/Milkduds.bmp,0,576,0.45,MDMMT0006
2018-01-03 12:57:44,2.39,432,PringlesRed,{},u,True,2036.965,432,576,"[38.4, 135.5]",LEFT,False,/static/stim/PringlesRed.bmp,1,576,0.45,2.42,432,Fritos,{},i,True,2037.135,432,576,"[665.6, 135.5]",RIGHT,False,/static/stim/Fritos.bmp,1,576,0.45,MDMMT0006
2018-01-03 12:57:44,8.54,432,Cheetos,{},u,True,2692.425,432,576,"[38.4, 135.5]",LEFT,False,/static/stim/Cheetos.bmp,2,576,0.45,9.95,432,PayDay,{},i,True,2699.495,432,576,"[665.6, 135.5]",RIGHT,False,/static/stim/PayDay.bmp,2,576,0.45,MDMMT0006
2018-01-03 12:57:44,0.32,432,Hersheymilk_several,{},u,True,3282.315,432,576,"[38.4, 135.5]",LEFT,False,/static/stim/Hersheymilk_several.bmp,3,576,0.45,0.09,432,WheatThins,{},i,True,3289.175,432,576,"[665.6, 135.5]",RIGHT,False,/static/stim/WheatThins.bmp,3,576,0.45,MDMMT0006
2018-01-03 12:57:44,6.76,432,starburst,{},u,True,3812.445,432,576,"[38.4, 135.5]",LEFT,False,/static/stim/starburst.bmp,4,576,0.45,2.5,432,RiceKrispyTreat_small,{},i,True,3819.17,432,576,"[665.6, 135.5]",RIGHT,False,/static/stim/RiceKrispyTreat_small.bmp,4,576,0.45,MDMMT0006
2018-01-03 12:57:44,9.17,432,TootsieRolls,{},u,True,4375.74,432,576,"[38.4, 135.5]",LEFT,False,/static/stim/TootsieRolls.bmp,5,576,0.45,5.39,432,Skittles,{},i,True,4382.725,432,576,"[665.6, 135.5]",RIGHT,False,/static/stim/Skittles.bmp,5,576,0.45,MDMMT0006
2018-01-03 12:57:44,0.32,432,Hersheymilk_several,{},u,True,4889.96,432,576,"[38.4, 135.5]",LEFT,False,/static/stim/Hersheymilk_several.bmp,6,576,0.45,1.62,432,Nutterbutter,{},i,True,4906.37,432,576,"[665.6, 135.5]",RIGHT,False,/static/stim/Nutterbutter.bmp,6,576,0.45,MDMMT0006
2018-01-03 12:57:44,5.84,432,Cheezits,{},u,True,5426.965,432,576,"[38.4, 135.5]",LEFT,False,/static/stim/Cheezits.bmp,7,576,0.45,9.82,432,CheesyDoritos,{},i,True,5431.355,432,576,"[665.6, 135.5]",RIGHT,False,/static/stim/CheesyDoritos.bmp,7,576,0.45,MDMMT0006
2018-01-03 12:57:44,2.37,432,Twix,{},u,True,5932.385,432,576,"[38.4, 135.5]",LEFT,False,/static/stim/Twix.bmp,8,576,0.45,2.18,432,BabyRuth,{},i,True,5938.25,432,576,"[665.6, 135.5]",RIGHT,False,/static/stim/BabyRuth.bmp,8,576,0.45,MDMMT0006
2018-01-03 12:57:44,6.1,432,KitKat_small,{},u,True,6919.39,432,576,"[38.4, 135.5]",LEFT,False,/static/stim/KitKat_small.bmp,9,576,0.45,5.37,432,Laysclassic,{},i,True,6925.265,432,576,"[665.6, 135.5]",RIGHT,False,/static/stim/Laysclassic.bmp,9,576,0.45,MDMMT0006
2018-01-03 12:57:44,1.03,432,Ruffles,{},u,True,7508.33,432,576,"[38.4, 135.5]",LEFT,False,/static/stim/Ruffles.bmp,10,576,0.45,1.62,432,Nutterbutter,{},i,True,7490,432,576,"[665.6, 135.5]",RIGHT,False,/static/stim/Nutterbutter.bmp,10,576,0.45,MDMMT0006
2018-01-03 12:57:44,6.65,432,ChipsAhoy_small,{},u,True,8138.57,432,576,"[38.4, 135.5]",LEFT,False,/static/stim/ChipsAhoy_small.bmp,11,576,0.45,6.21,432,PeanutMMs,{},i,True,8144.33,432,576,"[665.6, 135.5]",RIGHT,False,/static/stim/PeanutMMs.bmp,11,576,0.45,MDMMT0006
2018-01-03 12:57:44,5.1,432,Slimjim,{},u,True,8712.165,432,576,"[38.4, 135.5]",LEFT,False,/static/stim/Slimjim.bmp,12,576,0.45,3.5,432,MilkyWay,{},i,True,8712.3,432,576,"[665.6, 135.5]",RIGHT,False,/static/stim/MilkyWay.bmp,12,576,0.45,MDMMT0006
2018-01-03 12:57:44,2.5,432,RiceKrispyTreat_small,{},u,True,9486.11,432,576,"[38.4, 135.5]",LEFT,False,/static/stim/RiceKrispyTreat_small.bmp,13,576,0.45,3,432,FamousAmos_small,{},i,True,9502.99,432,576,"[665.6, 135.5]",RIGHT,False,/static/stim/FamousAmos_small.bmp,13,576,0.45,MDMMT0006
2018-01-03 12:57:44,6.76,432,starburst,{},u,True,10712.615,432,576,"[38.4, 135.5]",LEFT,False,/static/stim/starburst.bmp,14,576,0.45,8.15,432,TeddyGrahamschocolate,{},i,True,10728.67,432,576,"[665.6, 135.5]",RIGHT,False,/static/stim/TeddyGrahamschocolate.bmp,14,576,0.45,MDMMT0006
2018-01-03 12:57:44,10,432,Toberlorone,{},u,True,11314.625,432,576,"[38.4, 135.5]",LEFT,False,/static/stim/Toberlorone.bmp,15,576,0.45,0.82,432,Funyuns_small,{},i,True,11320.565,432,576,"[665.6, 135.5]",RIGHT,False,/static/stim/Funyuns_small.bmp,15,576,0.45,MDMMT0006
2018-01-03 12:57:44,5.48,432,Laffytaffyred_one,{},u,True,12340.575,432,576,"[38.4, 135.5]",LEFT,False,/static/stim/Laffytaffyred_one.bmp,16,576,0.45,5.96,432,Hersheykisses,{},i,True,12345.81,432,576,"[665.6, 135.5]",RIGHT,False,/static/stim/Hersheykisses.bmp,16,576,0.45,MDMMT0006
2018-01-03 12:57:44,5.96,432,Oreos,{},u,True,13315.21,432,576,"[38.4, 135.5]",LEFT,False,/static/stim/Oreos.bmp,17,576,0.45,8.95,432,Chocolate_mm,{},i,True,13322.04,432,576,"[665.6, 135.5]",RIGHT,False,/static/stim/Chocolate_mm.bmp,17,576,0.45,MDMMT0006
2018-01-03 12:57:44,3.32,432,Crunch,{},u,True,13943.045,432,576,"[38.4, 135.5]",LEFT,False,/static/stim/Crunch.bmp,18,576,0.45,2.42,432,Fritos,{},i,True,13926.905,432,576,"[665.6, 135.5]",RIGHT,False,/static/stim/Fritos.bmp,18,576,0.45,MDMMT0006
2018-01-03 12:57:44,2.18,432,BabyRuth,{},u,True,14507.26,432,576,"[38.4, 135.5]",LEFT,False,/static/stim/BabyRuth.bmp,19,576,0.45,3.68,432,Dots_one,{},i,True,14523.895,432,576,"[665.6, 135.5]",RIGHT,False,/static/stim/Dots_one.bmp,19,576,0.45,MDMMT0006
2018-01-03 12:57:44,5.96,432,Hersheykisses,{},u,True,15092.92,432,576,"[38.4, 135.5]",LEFT,False,/static/stim/Hersheykisses.bmp,20,576,0.45,2.18,432,BabyRuth,{},i,True,15093.26,432,576,"[665.6, 135.5]",RIGHT,False,/static/stim/BabyRuth.bmp,20,576,0.45,MDMMT0006
2018-01-03 12:57:44,8.54,432,Cheetos,{},u,True,19602.935,432,576,"[38.4, 135.5]",LEFT,False,/static/stim/Cheetos.bmp,21,576,0.45,3.32,432,Crunch,{},i,True,19607.715,432,576,"[665.6, 135.5]",RIGHT,False,/static/stim/Crunch.bmp,21,576,0.45,MDMMT0006
2018-01-03 12:57:44,2.34,432,MrGoodbar,{},u,True,23228.39,432,576,"[38.4, 135.5]",LEFT,False,/static/stim/MrGoodbar.bmp,22,576,0.45,2.87,432,PopTartsStrawberry,{},i,True,23234.46,432,576,"[665.6, 135.5]",RIGHT,False,/static/stim/PopTartsStrawberry.bmp,22,576,0.45,MDMMT0006
2018-01-03 12:57:44,8.95,432,Chocolate_mm,{},u,True,23789.19,432,576,"[38.4, 135.5]",LEFT,False,/static/stim/Chocolate_mm.bmp,23,576,0.45,9.17,432,TootsieRolls,{},i,True,23793.91,432,576,"[665.6, 135.5]",RIGHT,False,/static/stim/TootsieRolls.bmp,23,576,0.45,MDMMT0006
2018-01-03 12:57:44,6.76,432,starburst,{},u,True,24431.96,432,576,"[38.4, 135.5]",LEFT,False,/static/stim/starburst.bmp,24,576,0.45,9.9,432,Cheese_PeanutButterCrackers,{},i,True,24447.705,432,576,"[665.6, 135.5]",RIGHT,False,/static/stim/Cheese_PeanutButterCrackers.bmp,24,576,0.45,MDMMT0006
2018-01-03 12:57:44,5.39,432,Skittles,{},u,True,25098.795,432,576,"[38.4, 135.5]",LEFT,False,/static/stim/Skittles.bmp,25,576,0.45,6.21,432,PeanutMMs,{},i,True,25103.755,432,576,"[665.6, 135.5]",RIGHT,False,/static/stim/PeanutMMs.bmp,25,576,0.45,MDMMT0006
2018-01-03 12:57:44,3.26,432,Reeses,{},u,True,25973.495,432,576,"[38.4, 135.5]",LEFT,False,/static/stim/Reeses.bmp,26,576,0.45,8.23,432,3Musketeers,{},i,True,25973.635,432,576,"[665.6, 135.5]",RIGHT,False,/static/stim/3Musketeers.bmp,26,576,0.45,MDMMT0006
2018-01-03 12:57:44,2.67,432,Lollipopred,{},u,True,26554.13,432,576,"[38.4, 135.5]",LEFT,False,/static/stim/Lollipopred.bmp,27,576,0.45,2.42,432,Fritos,{},i,True,26538.605,432,576,"[665.6, 135.5]",RIGHT,False,/static/stim/Fritos.bmp,27,576,0.45,MDMMT0006
2018-01-03 12:57:44,8.15,432,TeddyGrahamschocolate,{},u,True,27097.18,432,576,"[38.4, 135.5]",LEFT,False,/static/stim/TeddyGrahamschocolate.bmp,28,576,0.45,5.12,432,Snickers,{},i,True,27114.93,432,576,"[665.6, 135.5]",RIGHT,False,/static/stim/Snickers.bmp,28,576,0.45,MDMMT0006
2018-01-03 12:57:44,1.84,432,Whatchamacallit,{},u,True,27680.795,432,576,"[38.4, 135.5]",LEFT,False,/static/stim/Whatchamacallit.bmp,29,576,0.45,3.5,432,MilkyWay,{},i,True,27664.86,432,576,"[665.6, 135.5]",RIGHT,False,/static/stim/MilkyWay.bmp,29,576,0.45,MDMMT0006
2018-01-03 12:57:44,6.76,432,starburst,{},u,True,28320.775,432,576,"[38.4, 135.5]",LEFT,False,/static/stim/starburst.bmp,30,576,0.45,7.64,432,AnimalCrackers,{},i,True,28337.005,432,576,"[665.6, 135.5]",RIGHT,False,/static/stim/AnimalCrackers.bmp,30,576,0.45,MDMMT0006
2018-01-03 12:57:44,4.18,432,Keeblerfudgestripes,{},u,True,29090.495,432,576,"[38.4, 135.5]",LEFT,False,/static/stim/Keeblerfudgestripes.bmp,31,576,0.45,4.01,432,RitzBitz2,{},i,True,29096.33,432,576,"[665.6, 135.5]",RIGHT,False,/static/stim/RitzBitz2.bmp,31,576,0.45,MDMMT0006
2018-01-03 12:57:44,1.04,432,Ghiradelli_milk_Almonds,{},u,True,29763.745,432,576,"[38.4, 135.5]",LEFT,False,/static/stim/Ghiradelli_milk_Almonds.bmp,32,576,0.45,0.82,432,Funyuns_small,{},i,True,29748.355,432,576,"[665.6, 135.5]",RIGHT,False,/static/stim/Funyuns_small.bmp,32,576,0.45,MDMMT0006
2018-01-03 12:57:44,5.1,432,Slimjim,{},u,True,30427.29,432,576,"[38.4, 135.5]",LEFT,False,/static/stim/Slimjim.bmp,33,576,0.45,4.18,432,Keeblerfudgestripes,{},i,True,30431.94,432,576,"[665.6, 135.5]",RIGHT,False,/static/stim/Keeblerfudgestripes.bmp,33,576,0.45,MDMMT0006
2018-01-03 12:57:44,9.28,432,FigNewton_small,{},u,True,30966.785,432,576,"[38.4, 135.5]",LEFT,False,/static/stim/FigNewton_small.bmp,34,576,0.45,5.48,432,Laffytaffyred_one,{},i,True,30950.0,432,576,"[665.6, 135.5]",RIGHT,False,/static/stim/Laffytaffyred_one.bmp,34,576,0.45,MDMMT0006
2018-01-03 12:57:44,0.09,432,WheatThins,{},u,True,31826.225,432,576,"[38.4, 135.5]",LEFT,False,/static/stim/WheatThins.bmp,35,576,0.45,0.01,432,Riprolls,{},i,True,31841.16,432,576,"[665.6, 135.5]",RIGHT,False,/static/stim/Riprolls.bmp,35,576,0.45,MDMMT0006
2018-01-03 12:57:44,1.04,432,Ghiradelli_milk_Almonds,{},u,True,32487.61,432,576,"[38.4, 135.5]",LEFT,False,/static/stim/Ghiradelli_milk_Almonds.bmp,36,576,0.45,2.42,432,Fritos,{},i,True,32490.46,432,576,"[665.6, 135.5]",RIGHT,False,/static/stim/Fritos.bmp,36,576,0.45,MDMMT0006
2018-01-03 12:57:44,4.01,432,RitzBitz2,{},u,True,33068.22,432,576,"[38.4, 135.5]",LEFT,False,/static/stim/RitzBitz2.bmp,37,576,0.45,3.68,432,Dots_one,{},i,True,33071.265,432,576,"[665.6, 135.5]",RIGHT,False,/static/stim/Dots_one.bmp,37,576,0.45,MDMMT0006
2018-01-03 12:57:44,2.5,432,RiceKrispyTreat_small,{},u,True,33700.63,432,576,"[38.4, 135.5]",LEFT,False,/static/stim/RiceKrispyTreat_small.bmp,38,576,0.45,0.32,432,Hersheymilk_several,{},i,True,33706.55,432,576,"[665.6, 135.5]",RIGHT,False,/static/stim/Hersheymilk_several.bmp,38,576,0.45,MDMMT0006
2018-01-03 12:57:44,3.54,432,Ghiradelli_milk,{},u,True,34797.445,432,576,"[38.4, 135.5]",LEFT,False,/static/stim/Ghiradelli_milk.bmp,39,576,0.45,10,432,Toberlorone,{},i,True,34780.465,432,576,"[665.6, 135.5]",RIGHT,False,/static/stim/Toberlorone.bmp,39,576,0.45,MDMMT0006
2018-01-03 12:57:44,0.21,432,Jollyranchergreen,{},u,True,35549.295,432,576,"[38.4, 135.5]",LEFT,False,/static/stim/Jollyranchergreen.bmp,40,576,0.45,10,432,SourSkittles,{},i,True,35554.85,432,576,"[665.6, 135.5]",RIGHT,False,/static/stim/SourSkittles.bmp,40,576,0.45,MDMMT0006
2018-01-03 12:57:44,3.46,432,MrsFields,{},u,True,36207.08,432,576,"[38.4, 135.5]",LEFT,False,/static/stim/MrsFields.bmp,41,576,0.45,3.54,432,Ghiradelli_milk,{},i,True,36190.995,432,576,"[665.6, 135.5]",RIGHT,False,/static/stim/Ghiradelli_milk.bmp,41,576,0.45,MDMMT0006
2018-01-03 12:57:44,3.78,432,Doritosranch,{},u,True,36805.59,432,576,"[38.4, 135.5]",LEFT,False,/static/stim/Doritosranch.bmp,42,576,0.45,9.95,432,PayDay,{},i,True,36788.67,432,576,"[665.6, 135.5]",RIGHT,False,/static/stim/PayDay.bmp,42,576,0.45,MDMMT0006
2018-01-03 12:57:44,5.12,432,Snickers,{},u,True,37403.115,432,576,"[38.4, 135.5]",LEFT,False,/static/stim/Snickers.bmp,43,576,0.45,3.54,432,Ghiradelli_milk,{},i,True,37403.285,432,576,"[665.6, 135.5]",RIGHT,False,/static/stim/Ghiradelli_milk.bmp,43,576,0.45,MDMMT0006
2018-01-03 12:57:44,3.46,432,MrsFields,{},u,True,37984.2,432,576,"[38.4, 135.5]",LEFT,False,/static/stim/MrsFields.bmp,44,576,0.45,1.62,432,Nutterbutter,{},i,True,37987.38,432,576,"[665.6, 135.5]",RIGHT,False,/static/stim/Nutterbutter.bmp,44,576,0.45,MDMMT0006
2018-01-03 12:57:44,6.76,432,starburst,{},u,True,38965.3,432,576,"[38.4, 135.5]",LEFT,False,/static/stim/starburst.bmp,45,576,0.45,7.29,432,Sourpatch,{},i,True,38981.835,432,576,"[665.6, 135.5]",RIGHT,False,/static/stim/Sourpatch.bmp,45,576,0.45,MDMMT0006
2018-01-03 12:57:44,1.04,432,Ghiradelli_milk_Almonds,{},u,True,39835.705,432,576,"[38.4, 135.5]",LEFT,False,/static/stim/Ghiradelli_milk_Almonds.bmp,46,576,0.45,1.84,432,Whatchamacallit,{},i,True,39835.985,432,576,"[665.6, 135.5]",RIGHT,False,/static/stim/Whatchamacallit.bmp,46,576,0.45,MDMMT0006
2018-01-03 12:57:44,3.54,432,100grand_small,{},u,True,40488.255,432,576,"[38.4, 135.5]",LEFT,False,/static/stim/100grand_small.bmp,47,576,0.45,3.46,432,MrsFields,{},i,True,40468.535,432,576,"[665.6, 135.5]",RIGHT,False,/static/stim/MrsFields.bmp,47,576,0.45,MDMMT0006
2018-01-03 12:57:44,5.84,432,Cheezits,{},u,True,41449.065,432,576,"[38.4, 135.5]",LEFT,False,/static/stim/Cheezits.bmp,48,576,0.45,5.39,432,Skittles,{},i,True,41453.965,432,576,"[665.6, 135.5]",RIGHT,False,/static/stim/Skittles.bmp,48,576,0.45,MDMMT0006
2018-01-03 12:57:44,2.34,432,MrGoodbar,{},u,True,42041.255,432,576,"[38.4, 135.5]",LEFT,False,/static/stim/MrGoodbar.bmp,49,576,0.45,0.34,432,Almondjoy,{},i,True,42041.515,432,576,"[665.6, 135.5]",RIGHT,False,/static/stim/Almondjoy.bmp,49,576,0.45,MDMMT0006
2018-01-03 12:57:44,4.15,432,FlamingCheetos,{},u,True,42622.15,432,576,"[38.4, 135.5]",LEFT,False,/static/stim/FlamingCheetos.bmp,50,576,0.45,3.54,432,Ghiradelli_milk,{},i,True,42604.665,432,576,"[665.6, 135.5]",RIGHT,False,/static/stim/Ghiradelli_milk.bmp,50,576,0.45,MDMMT0006
2018-01-03 12:57:44,3,432,FamousAmos_small,{},u,True,43729.825,432,576,"[38.4, 135.5]",LEFT,False,/static/stim/FamousAmos_small.bmp,51,576,0.45,8.15,432,TeddyGrahamschocolate,{},i,True,43734.87,432,576,"[665.6, 135.5]",RIGHT,False,/static/stim/TeddyGrahamschocolate.bmp,51,576,0.45,MDMMT0006
2018-01-03 12:57:44,3.26,432,Reeses,{},u,True,44814.71,432,576,"[38.4, 135.5]",LEFT,False,/static/stim/Reeses.bmp,52,576,0.45,3.32,432,Crunch,{},i,True,44814.97,432,576,"[665.6, 135.5]",RIGHT,False,/static/stim/Crunch.bmp,52,576,0.45,MDMMT0006
2018-01-03 12:57:44,2.67,432,Lollipopred,{},u,True,45395.325,432,576,"[38.4, 135.5]",LEFT,False,/static/stim/Lollipopred.bmp,53,576,0.45,1.62,432,Nutterbutter,{},i,True,45395.58,432,576,"[665.6, 135.5]",RIGHT,False,/static/stim/Nutterbutter.bmp,53,576,0.45,MDMMT0006
2018-01-03 12:57:44,0.21,432,Jollyranchergreen,{},u,True,46324.32,432,576,"[38.4, 135.5]",LEFT,False,/static/stim/Jollyranchergreen.bmp,54,576,0.45,0.82,432,Funyuns_small,{},i,True,46324.675,432,576,"[665.6, 135.5]",RIGHT,False,/static/stim/Funyuns_small.bmp,54,576,0.45,MDMMT0006
2018-01-03 12:57:44,6.65,432,ChipsAhoy_small,{},u,True,50085.38,432,576,"[38.4, 135.5]",LEFT,False,/static/stim/ChipsAhoy_small.bmp,55,576,0.45,5.48,432,Laffytaffyred_one,{},i,True,50090.18,432,576,"[665.6, 135.5]",RIGHT,False,/static/stim/Laffytaffyred_one.bmp,55,576,0.45,MDMMT0006
2018-01-03 12:57:44,6.1,432,KitKat_small,{},u,True,50892.88,432,576,"[38.4, 135.5]",LEFT,False,/static/stim/KitKat_small.bmp,56,576,0.45,4.01,432,RitzBitz2,{},i,True,50898.45,432,576,"[665.6, 135.5]",RIGHT,False,/static/stim/RitzBitz2.bmp,56,576,0.45,MDMMT0006
2018-01-03 12:57:44,5.34,432,Butterfinger,{},u,True,52023.045,432,576,"[38.4, 135.5]",LEFT,False,/static/stim/Butterfinger.bmp,57,576,0.45,5.12,432,Snickers,{},i,True,52006.775,432,576,"[665.6, 135.5]",RIGHT,False,/static/stim/Snickers.bmp,57,576,0.45,MDMMT0006
2018-01-03 12:57:44,2.42,432,Fritos,{},u,True,52587.025,432,576,"[38.4, 135.5]",LEFT,False,/static/stim/Fritos.bmp,58,576,0.45,6.65,432,ChipsAhoy_small,{},i,True,52587.335,432,576,"[665.6, 135.5]",RIGHT,False,/static/stim/ChipsAhoy_small.bmp,58,576,0.45,MDMMT0006
2018-01-03 12:57:44,3.46,432,MrsFields,{},u,True,53167.47,432,576,"[38.4, 135.5]",LEFT,False,/static/stim/MrsFields.bmp,59,576,0.45,3.5,432,MilkyWay,{},i,True,53167.73,432,576,"[665.6, 135.5]",RIGHT,False,/static/stim/MilkyWay.bmp,59,576,0.45,MDMMT0006
2018-01-03 12:57:44,2.18,432,BabyRuth,{},u,True,54829.935,432,576,"[38.4, 135.5]",LEFT,False,/static/stim/BabyRuth.bmp,60,576,0.45,10,432,SourSkittles,{},i,True,54834.125,432,576,"[665.6, 135.5]",RIGHT,False,/static/stim/SourSkittles.bmp,60,576,0.45,MDMMT0006
2018-01-03 12:57:44,2.42,432,Fritos,{},u,True,56765.89,432,576,"[38.4, 135.5]",LEFT,False,/static/stim/Fritos.bmp,61,576,0.45,2.34,432,MrGoodbar,{},i,True,56766.165,432,576,"[665.6, 135.5]",RIGHT,False,/static/stim/MrGoodbar.bmp,61,576,0.45,MDMMT0006
2018-01-03 12:57:44,0.01,432,Riprolls,{},u,True,57276.705,432,576,"[38.4, 135.5]",LEFT,False,/static/stim/Riprolls.bmp,62,576,0.45,1.03,432,Ruffles,{},i,True,57279.845,432,576,"[665.6, 135.5]",RIGHT,False,/static/stim/Ruffles.bmp,62,576,0.45,MDMMT0006
2018-01-03 12:57:44,9.28,432,FigNewton_small,{},u,True,57856.935,432,576,"[38.4, 135.5]",LEFT,False,/static/stim/FigNewton_small.bmp,63,576,0.45,6.21,432,PeanutMMs,{},i,True,57859.815,432,576,"[665.6, 135.5]",RIGHT,False,/static/stim/PeanutMMs.bmp,63,576,0.45,MDMMT0006
2018-01-03 12:57:44,1.03,432,Ruffles,{},u,True,58554.665,432,576,"[38.4, 135.5]",LEFT,False,/static/stim/Ruffles.bmp,64,576,0.45,3,432,FamousAmos_small,{},i,True,58554.93,432,576,"[665.6, 135.5]",RIGHT,False,/static/stim/FamousAmos_small.bmp,64,576,0.45,MDMMT0006
2018-01-03 12:57:44,7.29,432,Sourpatch,{},u,True,59081.83,432,576,"[38.4, 135.5]",LEFT,False,/static/stim/Sourpatch.bmp,65,576,0.45,4.29,432,Milkduds,{},i,True,59082.18,432,576,"[665.6, 135.5]",RIGHT,False,/static/stim/Milkduds.bmp,65,576,0.45,MDMMT0006
2018-01-03 12:57:44,10,432,SourSkittles,{},u,True,59697.03,432,576,"[38.4, 135.5]",LEFT,False,/static/stim/SourSkittles.bmp,66,576,0.45,2.34,432,MrGoodbar,{},i,True,59697.3,432,576,"[665.6, 135.5]",RIGHT,False,/static/stim/MrGoodbar.bmp,66,576,0.45,MDMMT0006
2018-01-03 12:57:44,10,432,Toberlorone,{},u,True,60277.265,432,576,"[38.4, 135.5]",LEFT,False,/static/stim/Toberlorone.bmp,67,576,0.45,0.09,432,WheatThins,{},i,True,60277.555,432,576,"[665.6, 135.5]",RIGHT,False,/static/stim/WheatThins.bmp,67,576,0.45,MDMMT0006
2018-01-03 12:57:44,1.35,432,Milano,{},u,True,61053.955,432,576,"[38.4, 135.5]",LEFT,False,/static/stim/Milano.bmp,68,576,0.45,1.62,432,Nutterbutter,{},i,True,61037.825,432,576,"[665.6, 135.5]",RIGHT,False,/static/stim/Nutterbutter.bmp,68,576,0.45,MDMMT0006
2018-01-03 12:57:44,5.1,432,Slimjim,{},u,True,61622.27,432,576,"[38.4, 135.5]",LEFT,False,/static/stim/Slimjim.bmp,69,576,0.45,3.78,432,Doritosranch,{},i,True,61622.54,432,576,"[665.6, 135.5]",RIGHT,False,/static/stim/Doritosranch.bmp,69,576,0.45,MDMMT0006
2018-01-03 12:57:44,0.82,432,Funyuns_small,{},u,True,63742.335,432,576,"[38.4, 135.5]",LEFT,False,/static/stim/Funyuns_small.bmp,70,576,0.45,2.87,432,PopTartsStrawberry,{},i,True,63748.86,432,576,"[665.6, 135.5]",RIGHT,False,/static/stim/PopTartsStrawberry.bmp,70,576,0.45,MDMMT0006
2018-01-03 12:57:44,4.15,432,FlamingCheetos,{},u,True,69140.725,432,576,"[38.4, 135.5]",LEFT,False,/static/stim/FlamingCheetos.bmp,71,576,0.45,5.1,432,Slimjim,{},i,True,69145.03,432,576,"[665.6, 135.5]",RIGHT,False,/static/stim/Slimjim.bmp,71,576,0.45,MDMMT0006
2018-01-03 12:57:44,8.54,432,Cheetos,{},u,True,75141.025,432,576,"[38.4, 135.5]",LEFT,False,/static/stim/Cheetos.bmp,72,576,0.45,7.64,432,AnimalCrackers,{},i,True,75146.64,432,576,"[665.6, 135.5]",RIGHT,False,/static/stim/AnimalCrackers.bmp,72,576,0.45,MDMMT0006
2018-01-03 12:57:45,1.35,432,Milano,{},u,True,81144.51,432,576,"[38.4, 135.5]",LEFT,False,/static/stim/Milano.bmp,73,576,0.45,0.21,432,Jollyranchergreen,{},i,True,81151.135,432,576,"[665.6, 135.5]",RIGHT,False,/static/stim/Jollyranchergreen.bmp,73,576,0.45,MDMMT0006
2018-01-03 12:57:45,8.23,432,3Musketeers,{},u,True,87138.25,432,576,"[38.4, 135.5]",LEFT,False,/static/stim/3Musketeers.bmp,74,576,0.45,9.9,432,Cheese_PeanutButterCrackers,{},i,True,87143.3,432,576,"[665.6, 135.5]",RIGHT,False,/static/stim/Cheese_PeanutButterCrackers.bmp,74,576,0.45,MDMMT0006
2018-01-03 12:57:45,2.67,432,Lollipopred,{},u,True,93139.93,432,576,"[38.4, 135.5]",LEFT,False,/static/stim/Lollipopred.bmp,75,576,0.45,2.5,432,RiceKrispyTreat_small,{},i,True,93146.22,432,576,"[665.6, 135.5]",RIGHT,False,/static/stim/RiceKrispyTreat_small.bmp,75,576,0.45,MDMMT0006
2018-01-03 12:57:45,0.34,432,Almondjoy,{},u,True,99142.48,432,576,"[38.4, 135.5]",LEFT,False,/static/stim/Almondjoy.bmp,76,576,0.45,2.67,432,Lollipopred,{},i,True,99174.305,432,576,"[665.6, 135.5]",RIGHT,False,/static/stim/Lollipopred.bmp,76,576,0.45,MDMMT0006
2018-01-03 12:57:45,2.42,432,Fritos,{},u,True,105141.945,432,576,"[38.4, 135.5]",LEFT,False,/static/stim/Fritos.bmp,77,576,0.45,0.21,432,Jollyranchergreen,{},i,True,105146.33,432,576,"[665.6, 135.5]",RIGHT,False,/static/stim/Jollyranchergreen.bmp,77,576,0.45,MDMMT0006
2018-01-03 12:57:45,6.65,432,ChipsAhoy_small,{},u,True,111139.755,432,576,"[38.4, 135.5]",LEFT,False,/static/stim/ChipsAhoy_small.bmp,78,576,0.45,5.96,432,Oreos,{},i,True,111144.585,432,576,"[665.6, 135.5]",RIGHT,False,/static/stim/Oreos.bmp,78,576,0.45,MDMMT0006
2018-01-03 12:57:45,3.78,432,Doritosranch,{},u,True,117139.35,432,576,"[38.4, 135.5]",LEFT,False,/static/stim/Doritosranch.bmp,79,576,0.45,2.34,432,MrGoodbar,{},i,True,117145.04,432,576,"[665.6, 135.5]",RIGHT,False,/static/stim/MrGoodbar.bmp,79,576,0.45,MDMMT0006
2018-01-03 12:57:45,2.39,432,PringlesRed,{},u,True,123140.17,432,576,"[38.4, 135.5]",LEFT,False,/static/stim/PringlesRed.bmp,80,576,0.45,1.03,432,Ruffles,{},i,True,123156.895,432,576,"[665.6, 135.5]",RIGHT,False,/static/stim/Ruffles.bmp,80,576,0.45,MDMMT0006
2018-01-03 12:57:45,2.37,432,Twix,{},u,True,129141.71,432,576,"[38.4, 135.5]",LEFT,False,/static/stim/Twix.bmp,81,576,0.45,0.01,432,Riprolls,{},i,True,129149.875,432,576,"[665.6, 135.5]",RIGHT,False,/static/stim/Riprolls.bmp,81,576,0.45,MDMMT0006
2018-01-03 12:57:45,5.48,432,Laffytaffyred_one,{},u,True,135140.66,432,576,"[38.4, 135.5]",LEFT,False,/static/stim/Laffytaffyred_one.bmp,82,576,0.45,5.34,432,Butterfinger,{},i,True,135144.44,432,576,"[665.6, 135.5]",RIGHT,False,/static/stim/Butterfinger.bmp,82,576,0.45,MDMMT0006
2018-01-03 12:57:45,4.01,432,RitzBitz2,{},u,True,141138.72,432,576,"[38.4, 135.5]",LEFT,False,/static/stim/RitzBitz2.bmp,83,576,0.45,0.01,432,Riprolls,{},i,True,141144.78,432,576,"[665.6, 135.5]",RIGHT,False,/static/stim/Riprolls.bmp,83,576,0.45,MDMMT0006
2018-01-03 12:57:45,1.84,432,Whatchamacallit,{},u,True,147139.99,432,576,"[38.4, 135.5]",LEFT,False,/static/stim/Whatchamacallit.bmp,84,576,0.45,5.39,432,Skittles,{},i,True,147145.145,432,576,"[665.6, 135.5]",RIGHT,False,/static/stim/Skittles.bmp,84,576,0.45,MDMMT0006
2018-01-03 12:57:45,2.39,432,PringlesRed,{},u,True,153141.1,432,576,"[38.4, 135.5]",LEFT,False,/static/stim/PringlesRed.bmp,85,576,0.45,2.5,432,RiceKrispyTreat_small,{},i,True,153146.895,432,576,"[665.6, 135.5]",RIGHT,False,/static/stim/RiceKrispyTreat_small.bmp,85,576,0.45,MDMMT0006
2018-01-03 12:57:45,9.82,432,CheesyDoritos,{},u,True,159138.415,432,576,"[38.4, 135.5]",LEFT,False,/static/stim/CheesyDoritos.bmp,86,576,0.45,3.54,432,100grand_small,{},i,True,159143.935,432,576,"[665.6, 135.5]",RIGHT,False,/static/stim/100grand_small.bmp,86,576,0.45,MDMMT0006
2018-01-03 12:57:45,4.15,432,FlamingCheetos,{},u,True,165138.33,432,576,"[38.4, 135.5]",LEFT,False,/static/stim/FlamingCheetos.bmp,87,576,0.45,0.21,432,Jollyranchergreen,{},i,True,165143.095,432,576,"[665.6, 135.5]",RIGHT,False,/static/stim/Jollyranchergreen.bmp,87,576,0.45,MDMMT0006
2018-01-03 12:57:45,2.87,432,PopTartsStrawberry,{},u,True,171140.15,432,576,"[38.4, 135.5]",LEFT,False,/static/stim/PopTartsStrawberry.bmp,88,576,0.45,3.32,432,Crunch,{},i,True,171144.06,432,576,"[665.6, 135.5]",RIGHT,False,/static/stim/Crunch.bmp,88,576,0.45,MDMMT0006
2018-01-03 12:57:45,9.95,432,PayDay,{},u,True,174754.85,432,576,"[38.4, 135.5]",LEFT,False,/static/stim/PayDay.bmp,89,576,0.45,5.96,432,Oreos,{},i,True,174758.125,432,576,"[665.6, 135.5]",RIGHT,False,/static/stim/Oreos.bmp,89,576,0.45,MDMMT0006
2018-01-03 12:57:45,4.29,432,Milkduds,{},u,True,180141.87,432,576,"[38.4, 135.5]",LEFT,False,/static/stim/Milkduds.bmp,90,576,0.45,3.68,432,Dots_one,{},i,True,180146.68,432,576,"[665.6, 135.5]",RIGHT,False,/static/stim/Dots_one.bmp,90,576,0.45,MDMMT0006
2018-01-03 12:57:45,0.32,432,Hersheymilk_several,{},u,True,186138.32,432,576,"[38.4, 135.5]",LEFT,False,/static/stim/Hersheymilk_several.bmp,91,576,0.45,4.18,432,Keeblerfudgestripes,{},i,True,186144.155,432,576,"[665.6, 135.5]",RIGHT,False,/static/stim/Keeblerfudgestripes.bmp,91,576,0.45,MDMMT0006
2018-01-03 12:57:45,2.37,432,Twix,{},u,True,192138.335,432,576,"[38.4, 135.5]",LEFT,False,/static/stim/Twix.bmp,92,576,0.45,0.82,432,Funyuns_small,{},i,True,192139.765,432,576,"[665.6, 135.5]",RIGHT,False,/static/stim/Funyuns_small.bmp,92,576,0.45,MDMMT0006
2018-01-03 12:57:45,9.82,432,CheesyDoritos,{},u,True,198139.355,432,576,"[38.4, 135.5]",LEFT,False,/static/stim/CheesyDoritos.bmp,93,576,0.45,8.95,432,Chocolate_mm,{},i,True,198139.625,432,576,"[665.6, 135.5]",RIGHT,False,/static/stim/Chocolate_mm.bmp,93,576,0.45,MDMMT0006
2018-01-03 12:57:45,5.84,432,Cheezits,{},u,True,204141.035,432,576,"[38.4, 135.5]",LEFT,False,/static/stim/Cheezits.bmp,94,576,0.45,10,432,SourSkittles,{},i,True,204145.89,432,576,"[665.6, 135.5]",RIGHT,False,/static/stim/SourSkittles.bmp,94,576,0.45,MDMMT0006
2018-01-03 12:57:45,9.17,432,TootsieRolls,{},u,True,210142.965,432,576,"[38.4, 135.5]",LEFT,False,/static/stim/TootsieRolls.bmp,95,576,0.45,6.1,432,KitKat_small,{},i,True,210148.34,432,576,"[665.6, 135.5]",RIGHT,False,/static/stim/KitKat_small.bmp,95,576,0.45,MDMMT0006
2018-01-03 12:57:45,2.39,432,PringlesRed,{},u,True,216137.92,432,576,"[38.4, 135.5]",LEFT,False,/static/stim/PringlesRed.bmp,96,576,0.45,3.26,432,Reeses,{},i,True,216139.09,432,576,"[665.6, 135.5]",RIGHT,False,/static/stim/Reeses.bmp,96,576,0.45,MDMMT0006
2018-01-03 12:57:45,10,432,Toberlorone,{},u,True,222139.285,432,576,"[38.4, 135.5]",LEFT,False,/static/stim/Toberlorone.bmp,97,576,0.45,1.35,432,Milano,{},i,True,222144.18,432,576,"[665.6, 135.5]",RIGHT,False,/static/stim/Milano.bmp,97,576,0.45,MDMMT0006
2018-01-03 12:57:45,3.78,432,Doritosranch,{},u,True,228140.57,432,576,"[38.4, 135.5]",LEFT,False,/static/stim/Doritosranch.bmp,98,576,0.45,3.68,432,Dots_one,{},i,True,228144.415,432,576,"[665.6, 135.5]",RIGHT,False,/static/stim/Dots_one.bmp,98,576,0.45,MDMMT0006
2018-01-03 12:57:45,2.39,432,PringlesRed,{},u,True,234141.835,432,576,"[38.4, 135.5]",LEFT,False,/static/stim/PringlesRed.bmp,99,576,0.45,0.09,432,WheatThins,{},i,True,234142.045,432,576,"[665.6, 135.5]",RIGHT,False,/static/stim/WheatThins.bmp,99,576,0.45,MDMMT0006
2018-01-03 12:57:45,8.15,432,TeddyGrahamschocolate,{},u,True,240137.71,432,576,"[38.4, 135.5]",LEFT,False,/static/stim/TeddyGrahamschocolate.bmp,100,576,0.45,7.64,432,AnimalCrackers,{},i,True,240142.7,432,576,"[665.6, 135.5]",RIGHT,False,/static/stim/AnimalCrackers.bmp,100,576,0.45,MDMMT0006
2018-01-03 12:57:45,7.64,432,AnimalCrackers,{},u,True,246138.9,432,576,"[38.4, 135.5]",LEFT,False,/static/stim/AnimalCrackers.bmp,101,576,0.45,2.87,432,PopTartsStrawberry,{},i,True,246140.06,432,576,"[665.6, 135.5]",RIGHT,False,/static/stim/PopTartsStrawberry.bmp,101,576,0.45,MDMMT0006
2018-01-03 12:57:45,1.04,432,Ghiradelli_milk_Almonds,{},u,True,252142.63,432,576,"[38.4, 135.5]",LEFT,False,/static/stim/Ghiradelli_milk_Almonds.bmp,102,576,0.45,1.03,432,Ruffles,{},i,True,252147.855,432,576,"[665.6, 135.5]",RIGHT,False,/static/stim/Ruffles.bmp,102,576,0.45,MDMMT0006
2018-01-03 12:57:45,8.54,432,Cheetos,{},u,True,258141.155,432,576,"[38.4, 135.5]",LEFT,False,/static/stim/Cheetos.bmp,103,576,0.45,5.34,432,Butterfinger,{},i,True,258157.77,432,576,"[665.6, 135.5]",RIGHT,False,/static/stim/Butterfinger.bmp,103,576,0.45,MDMMT0006
2018-01-03 12:57:45,7.64,432,AnimalCrackers,{},u,True,264138.475,432,576,"[38.4, 135.5]",LEFT,False,/static/stim/AnimalCrackers.bmp,104,576,0.45,5.1,432,Slimjim,{},i,True,264142.285,432,576,"[665.6, 135.5]",RIGHT,False,/static/stim/Slimjim.bmp,104,576,0.45,MDMMT0006
2018-01-03 12:57:45,5.96,432,Oreos,{},u,True,270139.345,432,576,"[38.4, 135.5]",LEFT,False,/static/stim/Oreos.bmp,105,576,0.45,2.34,432,MrGoodbar,{},i,True,270144.195,432,576,"[665.6, 135.5]",RIGHT,False,/static/stim/MrGoodbar.bmp,105,576,0.45,MDMMT0006
2018-01-03 12:57:45,2.87,432,PopTartsStrawberry,{},u,True,276142.005,432,576,"[38.4, 135.5]",LEFT,False,/static/stim/PopTartsStrawberry.bmp,106,576,0.45,3,432,FamousAmos_small,{},i,True,276147.17,432,576,"[665.6, 135.5]",RIGHT,False,/static/stim/FamousAmos_small.bmp,106,576,0.45,MDMMT0006
2018-01-03 12:57:45,4.09,432,Goldfish,{},u,True,282159.595,432,576,"[38.4, 135.5]",LEFT,False,/static/stim/Goldfish.bmp,107,576,0.45,3.78,432,Doritosranch,{},i,True,282143.46,432,576,"[665.6, 135.5]",RIGHT,False,/static/stim/Doritosranch.bmp,107,576,0.45,MDMMT0006
2018-01-03 12:57:45,10,432,SourSkittles,{},u,True,288141.96,432,576,"[38.4, 135.5]",LEFT,False,/static/stim/SourSkittles.bmp,108,576,0.45,2.37,432,Twix,{},i,True,288146.925,432,576,"[665.6, 135.5]",RIGHT,False,/static/stim/Twix.bmp,108,576,0.45,MDMMT0006
2018-01-03 12:57:45,3.54,432,100grand_small,{},u,True,294140.785,432,576,"[38.4, 135.5]",LEFT,False,/static/stim/100grand_small.bmp,109,576,0.45,10,432,SourSkittles,{},i,True,294145.63,432,576,"[665.6, 135.5]",RIGHT,False,/static/stim/SourSkittles.bmp,109,576,0.45,MDMMT0006
2018-01-03 12:57:45,6.65,432,ChipsAhoy_small,{},u,True,300142.06,432,576,"[38.4, 135.5]",LEFT,False,/static/stim/ChipsAhoy_small.bmp,110,576,0.45,6.1,432,KitKat_small,{},i,True,300147.495,432,576,"[665.6, 135.5]",RIGHT,False,/static/stim/KitKat_small.bmp,110,576,0.45,MDMMT0006
2018-01-03 12:57:45,3.78,432,Doritosranch,{},u,True,306137.435,432,576,"[38.4, 135.5]",LEFT,False,/static/stim/Doritosranch.bmp,111,576,0.45,5.37,432,Laysclassic,{},i,True,306141.965,432,576,"[665.6, 135.5]",RIGHT,False,/static/stim/Laysclassic.bmp,111,576,0.45,MDMMT0006
2018-01-03 12:57:45,4.01,432,RitzBitz2,{},u,True,312139.155,432,576,"[38.4, 135.5]",LEFT,False,/static/stim/RitzBitz2.bmp,112,576,0.45,3.46,432,MrsFields,{},i,True,312143.43,432,576,"[665.6, 135.5]",RIGHT,False,/static/stim/MrsFields.bmp,112,576,0.45,MDMMT0006
2018-01-03 12:57:45,5.12,432,Snickers,{},u,True,318139.095,432,576,"[38.4, 135.5]",LEFT,False,/static/stim/Snickers.bmp,113,576,0.45,5.84,432,Cheezits,{},i,True,318143.98,432,576,"[665.6, 135.5]",RIGHT,False,/static/stim/Cheezits.bmp,113,576,0.45,MDMMT0006
2018-01-03 12:57:45,9.17,432,TootsieRolls,{},u,True,324141.915,432,576,"[38.4, 135.5]",LEFT,False,/static/stim/TootsieRolls.bmp,114,576,0.45,3.5,432,MilkyWay,{},i,True,324146.72,432,576,"[665.6, 135.5]",RIGHT,False,/static/stim/MilkyWay.bmp,114,576,0.45,MDMMT0006
2018-01-03 12:57:45,8.15,432,TeddyGrahamschocolate,{},u,True,330138.175,432,576,"[38.4, 135.5]",LEFT,False,/static/stim/TeddyGrahamschocolate.bmp,115,576,0.45,7.29,432,Sourpatch,{},i,True,330158.15,432,576,"[665.6, 135.5]",RIGHT,False,/static/stim/Sourpatch.bmp,115,576,0.45,MDMMT0006
2018-01-03 12:57:45,3.54,432,100grand_small,{},u,True,336137.915,432,576,"[38.4, 135.5]",LEFT,False,/static/stim/100grand_small.bmp,116,576,0.45,3.5,432,MilkyWay,{},i,True,336143.605,432,576,"[665.6, 135.5]",RIGHT,False,/static/stim/MilkyWay.bmp,116,576,0.45,MDMMT0006
2018-01-03 12:57:45,5.18,432,Granolabar,{},u,True,342155.97,432,576,"[38.4, 135.5]",LEFT,False,/static/stim/Granolabar.bmp,117,576,0.45,5.39,432,Skittles,{},i,True,342138.345,432,576,"[665.6, 135.5]",RIGHT,False,/static/stim/Skittles.bmp,117,576,0.45,MDMMT0006
2018-01-03 12:57:45,2.18,432,BabyRuth,{},u,True,348139.25,432,576,"[38.4, 135.5]",LEFT,False,/static/stim/BabyRuth.bmp,118,576,0.45,2.67,432,Lollipopred,{},i,True,348143.705,432,576,"[665.6, 135.5]",RIGHT,False,/static/stim/Lollipopred.bmp,118,576,0.45,MDMMT0006
2018-01-03 12:57:45,9.95,432,PayDay,{},u,True,354141.825,432,576,"[38.4, 135.5]",LEFT,False,/static/stim/PayDay.bmp,119,576,0.45,9.82,432,CheesyDoritos,{},i,True,354147.72,432,576,"[665.6, 135.5]",RIGHT,False,/static/stim/CheesyDoritos.bmp,119,576,0.45,MDMMT0006
2018-01-03 12:57:45,4.15,432,FlamingCheetos,{},u,True,360138.345,432,576,"[38.4, 135.5]",LEFT,False,/static/stim/FlamingCheetos.bmp,120,576,0.45,4.18,432,Keeblerfudgestripes,{},i,True,360145.515,432,576,"[665.6, 135.5]",RIGHT,False,/static/stim/Keeblerfudgestripes.bmp,120,576,0.45,MDMMT0006
2018-01-03 12:57:45,5.34,432,Butterfinger,{},u,True,366142.725,432,576,"[38.4, 135.5]",LEFT,False,/static/stim/Butterfinger.bmp,121,576,0.45,3.68,432,Dots_one,{},i,True,366150.105,432,576,"[665.6, 135.5]",RIGHT,False,/static/stim/Dots_one.bmp,121,576,0.45,MDMMT0006
2018-01-03 12:57:45,5.96,432,Hersheykisses,{},u,True,372140.84,432,576,"[38.4, 135.5]",LEFT,False,/static/stim/Hersheykisses.bmp,122,576,0.45,5.18,432,Granolabar,{},i,True,372145.855,432,576,"[665.6, 135.5]",RIGHT,False,/static/stim/Granolabar.bmp,122,576,0.45,MDMMT0006
2018-01-03 12:57:45,7.29,432,Sourpatch,{},u,True,378141.505,432,576,"[38.4, 135.5]",LEFT,False,/static/stim/Sourpatch.bmp,123,576,0.45,2.67,432,Lollipopred,{},i,True,378145.55,432,576,"[665.6, 135.5]",RIGHT,False,/static/stim/Lollipopred.bmp,123,576,0.45,MDMMT0006
2018-01-03 12:57:45,2.67,432,Lollipopred,{},u,True,384137.97,432,576,"[38.4, 135.5]",LEFT,False,/static/stim/Lollipopred.bmp,124,576,0.45,3.26,432,Reeses,{},i,True,384139.64,432,576,"[665.6, 135.5]",RIGHT,False,/static/stim/Reeses.bmp,124,576,0.45,MDMMT0006
2018-01-03 12:57:45,3.54,432,100grand_small,{},u,True,390138.035,432,576,"[38.4, 135.5]",LEFT,False,/static/stim/100grand_small.bmp,125,576,0.45,5.18,432,Granolabar,{},i,True,390143.42,432,576,"[665.6, 135.5]",RIGHT,False,/static/stim/Granolabar.bmp,125,576,0.45,MDMMT0006
2018-01-03 12:57:45,4.09,432,Goldfish,{},u,True,396138.41,432,576,"[38.4, 135.5]",LEFT,False,/static/stim/Goldfish.bmp,126,576,0.45,3.5,432,MilkyWay,{},i,True,396143.115,432,576,"[665.6, 135.5]",RIGHT,False,/static/stim/MilkyWay.bmp,126,576,0.45,MDMMT0006
2018-01-03 12:57:45,4.15,432,FlamingCheetos,{},u,True,402141.57,432,576,"[38.4, 135.5]",LEFT,False,/static/stim/FlamingCheetos.bmp,127,576,0.45,6.65,432,ChipsAhoy_small,{},i,True,402145.05,432,576,"[665.6, 135.5]",RIGHT,False,/static/stim/ChipsAhoy_small.bmp,127,576,0.45,MDMMT0006
2018-01-03 12:57:45,5.96,432,Oreos,{},u,True,408138.16,432,576,"[38.4, 135.5]",LEFT,False,/static/stim/Oreos.bmp,128,576,0.45,6.21,432,PeanutMMs,{},i,True,408142.85,432,576,"[665.6, 135.5]",RIGHT,False,/static/stim/PeanutMMs.bmp,128,576,0.45,MDMMT0006
2018-01-03 12:57:45,4.09,432,Goldfish,{},u,True,414142.155,432,576,"[38.4, 135.5]",LEFT,False,/static/stim/Goldfish.bmp,129,576,0.45,3,432,FamousAmos_small,{},i,True,414143.64,432,576,"[665.6, 135.5]",RIGHT,False,/static/stim/FamousAmos_small.bmp,129,576,0.45,MDMMT0006
2018-01-03 12:57:45,9.17,432,TootsieRolls,{},u,True,420139.085,432,576,"[38.4, 135.5]",LEFT,False,/static/stim/TootsieRolls.bmp,130,576,0.45,7.29,432,Sourpatch,{},i,True,420144.965,432,576,"[665.6, 135.5]",RIGHT,False,/static/stim/Sourpatch.bmp,130,576,0.45,MDMMT0006
2018-01-03 12:57:45,3.26,432,Reeses,{},u,True,426142.59,432,576,"[38.4, 135.5]",LEFT,False,/static/stim/Reeses.bmp,131,576,0.45,1.04,432,Ghiradelli_milk_Almonds,{},i,True,426149.05,432,576,"[665.6, 135.5]",RIGHT,False,/static/stim/Ghiradelli_milk_Almonds.bmp,131,576,0.45,MDMMT0006
2018-01-03 12:57:45,6.76,432,starburst,{},u,True,432141.87,432,576,"[38.4, 135.5]",LEFT,False,/static/stim/starburst.bmp,132,576,0.45,8.95,432,Chocolate_mm,{},i,True,432146.075,432,576,"[665.6, 135.5]",RIGHT,False,/static/stim/Chocolate_mm.bmp,132,576,0.45,MDMMT0006
2018-01-03 12:57:45,2.37,432,Twix,{},u,True,438140.67,432,576,"[38.4, 135.5]",LEFT,False,/static/stim/Twix.bmp,133,576,0.45,3,432,FamousAmos_small,{},i,True,438144.9,432,576,"[665.6, 135.5]",RIGHT,False,/static/stim/FamousAmos_small.bmp,133,576,0.45,MDMMT0006
2018-01-03 12:57:45,5.37,432,Laysclassic,{},u,True,444139.1,432,576,"[38.4, 135.5]",LEFT,False,/static/stim/Laysclassic.bmp,134,576,0.45,5.34,432,Butterfinger,{},i,True,444143.53,432,576,"[665.6, 135.5]",RIGHT,False,/static/stim/Butterfinger.bmp,134,576,0.45,MDMMT0006
2018-01-03 12:57:45,5.84,432,Cheezits,{},u,True,450142.77,432,576,"[38.4, 135.5]",LEFT,False,/static/stim/Cheezits.bmp,135,576,0.45,8.23,432,3Musketeers,{},i,True,450147.325,432,576,"[665.6, 135.5]",RIGHT,False,/static/stim/3Musketeers.bmp,135,576,0.45,MDMMT0006
2018-01-03 12:57:45,0.01,432,Riprolls,{},u,True,456138.095,432,576,"[38.4, 135.5]",LEFT,False,/static/stim/Riprolls.bmp,136,576,0.45,0.21,432,Jollyranchergreen,{},i,True,456142.565,432,576,"[665.6, 135.5]",RIGHT,False,/static/stim/Jollyranchergreen.bmp,136,576,0.45,MDMMT0006
2018-01-03 12:57:45,8.23,432,3Musketeers,{},u,True,462142.95,432,576,"[38.4, 135.5]",LEFT,False,/static/stim/3Musketeers.bmp,137,576,0.45,7.29,432,Sourpatch,{},i,True,462144.175,432,576,"[665.6, 135.5]",RIGHT,False,/static/stim/Sourpatch.bmp,137,576,0.45,MDMMT0006
2018-01-03 12:57:46,4.29,432,Milkduds,{},u,True,468139.635,432,576,"[38.4, 135.5]",LEFT,False,/static/stim/Milkduds.bmp,138,576,0.45,3.46,432,MrsFields,{},i,True,468144.05,432,576,"[665.6, 135.5]",RIGHT,False,/static/stim/MrsFields.bmp,138,576,0.45,MDMMT0006
2018-01-03 12:57:46,5.96,432,Hersheykisses,{},u,True,474139.24,432,576,"[38.4, 135.5]",LEFT,False,/static/stim/Hersheykisses.bmp,139,576,0.45,8.54,432,Cheetos,{},i,True,474144.385,432,576,"[665.6, 135.5]",RIGHT,False,/static/stim/Cheetos.bmp,139,576,0.45,MDMMT0006
2018-01-03 12:57:46,9.82,432,CheesyDoritos,{},u,True,480138.68,432,576,"[38.4, 135.5]",LEFT,False,/static/stim/CheesyDoritos.bmp,140,576,0.45,9.28,432,FigNewton_small,{},i,True,480144.815,432,576,"[665.6, 135.5]",RIGHT,False,/static/stim/FigNewton_small.bmp,140,576,0.45,MDMMT0006
2018-01-03 12:57:46,10,432,Toberlorone,{},u,True,486141.995,432,576,"[38.4, 135.5]",LEFT,False,/static/stim/Toberlorone.bmp,141,576,0.45,1.62,432,Nutterbutter,{},i,True,486146.605,432,576,"[665.6, 135.5]",RIGHT,False,/static/stim/Nutterbutter.bmp,141,576,0.45,MDMMT0006
2018-01-03 12:57:46,9.9,432,Cheese_PeanutButterCrackers,{},u,True,492137.83,432,576,"[38.4, 135.5]",LEFT,False,/static/stim/Cheese_PeanutButterCrackers.bmp,142,576,0.45,9.28,432,FigNewton_small,{},i,True,492142.36,432,576,"[665.6, 135.5]",RIGHT,False,/static/stim/FigNewton_small.bmp,142,576,0.45,MDMMT0006
2018-01-03 12:57:46,0.21,432,Jollyranchergreen,{},u,True,498139.085,432,576,"[38.4, 135.5]",LEFT,False,/static/stim/Jollyranchergreen.bmp,143,576,0.45,0.32,432,Hersheymilk_several,{},i,True,498143.95,432,576,"[665.6, 135.5]",RIGHT,False,/static/stim/Hersheymilk_several.bmp,143,576,0.45,MDMMT0006
2018-01-03 12:57:46,0.34,432,Almondjoy,{},u,True,504139.71,432,576,"[38.4, 135.5]",LEFT,False,/static/stim/Almondjoy.bmp,144,576,0.45,1.03,432,Ruffles,{},i,True,504144.885,432,576,"[665.6, 135.5]",RIGHT,False,/static/stim/Ruffles.bmp,144,576,0.45,MDMMT0006
2018-01-03 12:57:46,5.18,432,Granolabar,{},u,True,509878.91,432,576,"[38.4, 135.5]",LEFT,False,/static/stim/Granolabar.bmp,145,576,0.45,5.37,432,Laysclassic,{},i,True,509882.46,432,576,"[665.6, 135.5]",RIGHT,False,/static/stim/Laysclassic.bmp,145,576,0.45,MDMMT0006
2018-01-03 12:57:46,5.12,432,Snickers,{},u,True,515137.76,432,576,"[38.4, 135.5]",LEFT,False,/static/stim/Snickers.bmp,146,576,0.45,1.03,432,Ruffles,{},i,True,515142.56,432,576,"[665.6, 135.5]",RIGHT,False,/static/stim/Ruffles.bmp,146,576,0.45,MDMMT0006
2018-01-03 12:57:46,2.18,432,BabyRuth,{},u,True,519644.28,432,576,"[38.4, 135.5]",LEFT,False,/static/stim/BabyRuth.bmp,147,576,0.45,0.32,432,Hersheymilk_several,{},i,True,519650.035,432,576,"[665.6, 135.5]",RIGHT,False,/static/stim/Hersheymilk_several.bmp,147,576,0.45,MDMMT0006
2018-01-03 12:57:46,0.82,432,Funyuns_small,{},u,True,525142.075,432,576,"[38.4, 135.5]",LEFT,False,/static/stim/Funyuns_small.bmp,148,576,0.45,0.34,432,Almondjoy,{},i,True,525149.77,432,576,"[665.6, 135.5]",RIGHT,False,/static/stim/Almondjoy.bmp,148,576,0.45,MDMMT0006
2018-01-03 12:57:46,2.37,432,Twix,{},u,True,531141.245,432,576,"[38.4, 135.5]",LEFT,False,/static/stim/Twix.bmp,149,576,0.45,2.34,432,MrGoodbar,{},i,True,531146.205,432,576,"[665.6, 135.5]",RIGHT,False,/static/stim/MrGoodbar.bmp,149,576,0.45,MDMMT0006
2018-01-03 12:57:46,2.37,432,Twix,{},u,True,537138.015,432,576,"[38.4, 135.5]",LEFT,False,/static/stim/Twix.bmp,150,576,0.45,6.1,432,KitKat_small,{},i,True,537139.16,432,576,"[665.6, 135.5]",RIGHT,False,/static/stim/KitKat_small.bmp,150,576,0.45,MDMMT0006
2018-01-03 12:57:46,4.09,432,Goldfish,{},u,True,543140.36,432,576,"[38.4, 135.5]",LEFT,False,/static/stim/Goldfish.bmp,151,576,0.45,4.01,432,RitzBitz2,{},i,True,543144.91,432,576,"[665.6, 135.5]",RIGHT,False,/static/stim/RitzBitz2.bmp,151,576,0.45,MDMMT0006
2018-01-03 12:57:46,9.9,432,Cheese_PeanutButterCrackers,{},u,True,547832.69,432,576,"[38.4, 135.5]",LEFT,False,/static/stim/Cheese_PeanutButterCrackers.bmp,152,576,0.45,5.96,432,Hersheykisses,{},i,True,547840.29,432,576,"[665.6, 135.5]",RIGHT,False,/static/stim/Hersheykisses.bmp,152,576,0.45,MDMMT0006
2018-01-03 12:57:46,3.5,432,MilkyWay,{},u,True,553138.27,432,576,"[38.4, 135.5]",LEFT,False,/static/stim/MilkyWay.bmp,153,576,0.45,3.68,432,Dots_one,{},i,True,553142.235,432,576,"[665.6, 135.5]",RIGHT,False,/static/stim/Dots_one.bmp,153,576,0.45,MDMMT0006
2018-01-03 12:57:46,10,432,Toberlorone,{},u,True,559137.53,432,576,"[38.4, 135.5]",LEFT,False,/static/stim/Toberlorone.bmp,154,576,0.45,1.84,432,Whatchamacallit,{},i,True,559141.79,432,576,"[665.6, 135.5]",RIGHT,False,/static/stim/Whatchamacallit.bmp,154,576,0.45,MDMMT0006
2018-01-03 12:57:46,2.87,432,PopTartsStrawberry,{},u,True,565139.81,432,576,"[38.4, 135.5]",LEFT,False,/static/stim/PopTartsStrawberry.bmp,155,576,0.45,3.26,432,Reeses,{},i,True,565144.53,432,576,"[665.6, 135.5]",RIGHT,False,/static/stim/Reeses.bmp,155,576,0.45,MDMMT0006
2018-01-03 12:57:46,9.9,432,Cheese_PeanutButterCrackers,{},u,True,571138.7,432,576,"[38.4, 135.5]",LEFT,False,/static/stim/Cheese_PeanutButterCrackers.bmp,156,576,0.45,9.95,432,PayDay,{},i,True,571143.665,432,576,"[665.6, 135.5]",RIGHT,False,/static/stim/PayDay.bmp,156,576,0.45,MDMMT0006
2018-01-03 12:57:46,4.29,432,Milkduds,{},u,True,577138.185,432,576,"[38.4, 135.5]",LEFT,False,/static/stim/Milkduds.bmp,157,576,0.45,5.1,432,Slimjim,{},i,True,577143.385,432,576,"[665.6, 135.5]",RIGHT,False,/static/stim/Slimjim.bmp,157,576,0.45,MDMMT0006
2018-01-03 12:57:46,9.28,432,FigNewton_small,{},u,True,583140.31,432,576,"[38.4, 135.5]",LEFT,False,/static/stim/FigNewton_small.bmp,158,576,0.45,9.95,432,PayDay,{},i,True,583144.945,432,576,"[665.6, 135.5]",RIGHT,False,/static/stim/PayDay.bmp,158,576,0.45,MDMMT0006
2018-01-03 12:57:46,4.15,432,FlamingCheetos,{},u,True,589139.31,432,576,"[38.4, 135.5]",LEFT,False,/static/stim/FlamingCheetos.bmp,159,576,0.45,3.26,432,Reeses,{},i,True,589144,432,576,"[665.6, 135.5]",RIGHT,False,/static/stim/Reeses.bmp,159,576,0.45,MDMMT0006
2018-01-03 12:57:46,0.32,432,Hersheymilk_several,{},u,True,595137.885,432,576,"[38.4, 135.5]",LEFT,False,/static/stim/Hersheymilk_several.bmp,160,576,0.45,0.01,432,Riprolls,{},i,True,595141.93,432,576,"[665.6, 135.5]",RIGHT,False,/static/stim/Riprolls.bmp,160,576,0.45,MDMMT0006
2018-01-03 12:57:46,9.9,432,Cheese_PeanutButterCrackers,{},u,True,601142.705,432,576,"[38.4, 135.5]",LEFT,False,/static/stim/Cheese_PeanutButterCrackers.bmp,161,576,0.45,9.17,432,TootsieRolls,{},i,True,601143.945,432,576,"[665.6, 135.5]",RIGHT,False,/static/stim/TootsieRolls.bmp,161,576,0.45,MDMMT0006
2018-01-03 12:57:46,8.95,432,Chocolate_mm,{},u,True,607141.91,432,576,"[38.4, 135.5]",LEFT,False,/static/stim/Chocolate_mm.bmp,162,576,0.45,8.23,432,3Musketeers,{},i,True,607146.76,432,576,"[665.6, 135.5]",RIGHT,False,/static/stim/3Musketeers.bmp,162,576,0.45,MDMMT0006
2018-01-03 12:57:46,0.82,432,Funyuns_small,{},u,True,613137.43,432,576,"[38.4, 135.5]",LEFT,False,/static/stim/Funyuns_small.bmp,163,576,0.45,5.1,432,Slimjim,{},i,True,613142.17,432,576,"[665.6, 135.5]",RIGHT,False,/static/stim/Slimjim.bmp,163,576,0.45,MDMMT0006
2018-01-03 12:57:46,1.84,432,Whatchamacallit,{},u,True,619138.89,432,576,"[38.4, 135.5]",LEFT,False,/static/stim/Whatchamacallit.bmp,164,576,0.45,0.34,432,Almondjoy,{},i,True,619144.11,432,576,"[665.6, 135.5]",RIGHT,False,/static/stim/Almondjoy.bmp,164,576,0.45,MDMMT0006
2018-01-03 12:57:46,4.09,432,Goldfish,{},u,True,625142.38,432,576,"[38.4, 135.5]",LEFT,False,/static/stim/Goldfish.bmp,165,576,0.45,0.09,432,WheatThins,{},i,True,625147.475,432,576,"[665.6, 135.5]",RIGHT,False,/static/stim/WheatThins.bmp,165,576,0.45,MDMMT0006
2018-01-03 12:57:46,6.65,432,ChipsAhoy_small,{},u,True,631137.785,432,576,"[38.4, 135.5]",LEFT,False,/static/stim/ChipsAhoy_small.bmp,166,576,0.45,9.82,432,CheesyDoritos,{},i,True,631142.985,432,576,"[665.6, 135.5]",RIGHT,False,/static/stim/CheesyDoritos.bmp,166,576,0.45,MDMMT0006
2018-01-03 12:57:46,8.95,432,Chocolate_mm,{},u,True,637140.75,432,576,"[38.4, 135.5]",LEFT,False,/static/stim/Chocolate_mm.bmp,167,576,0.45,3.46,432,MrsFields,{},i,True,637146.37,432,576,"[665.6, 135.5]",RIGHT,False,/static/stim/MrsFields.bmp,167,576,0.45,MDMMT0006
2018-01-03 12:57:46,6.1,432,KitKat_small,{},u,True,643138.85,432,576,"[38.4, 135.5]",LEFT,False,/static/stim/KitKat_small.bmp,168,576,0.45,5.96,432,Oreos,{},i,True,643150.5,432,576,"[665.6, 135.5]",RIGHT,False,/static/stim/Oreos.bmp,168,576,0.45,MDMMT0006
2018-01-03 12:57:46,6.21,432,PeanutMMs,{},u,True,646875.18,432,576,"[38.4, 135.5]",LEFT,False,/static/stim/PeanutMMs.bmp,169,576,0.45,5.96,432,Hersheykisses,{},i,True,646878.725,432,576,"[665.6, 135.5]",RIGHT,False,/static/stim/Hersheykisses.bmp,169,576,0.45,MDMMT0006
2018-01-03 12:57:46,3.54,432,Ghiradelli_milk,{},u,True,647427.715,432,576,"[38.4, 135.5]",LEFT,False,/static/stim/Ghiradelli_milk.bmp,170,576,0.45,9.28,432,FigNewton_small,{},i,True,647432.44,432,576,"[665.6, 135.5]",RIGHT,False,/static/stim/FigNewton_small.bmp,170,576,0.45,MDMMT0006
2018-01-03 12:57:46,9.95,432,PayDay,{},u,True,652642.895,432,576,"[38.4, 135.5]",LEFT,False,/static/stim/PayDay.bmp,171,576,0.45,7.29,432,Sourpatch,{},i,True,652647.74,432,576,"[665.6, 135.5]",RIGHT,False,/static/stim/Sourpatch.bmp,171,576,0.45,MDMMT0006
2018-01-03 12:57:46,1.84,432,Whatchamacallit,{},u,True,653318.895,432,576,"[38.4, 135.5]",LEFT,False,/static/stim/Whatchamacallit.bmp,172,576,0.45,1.35,432,Milano,{},i,True,653319.165,432,576,"[665.6, 135.5]",RIGHT,False,/static/stim/Milano.bmp,172,576,0.45,MDMMT0006
2018-01-03 12:57:46,5.18,432,Granolabar,{},u,True,653906.0,432,576,"[38.4, 135.5]",LEFT,False,/static/stim/Granolabar.bmp,173,576,0.45,5.12,432,Snickers,{},i,True,653912.5,432,576,"[665.6, 135.5]",RIGHT,False,/static/stim/Snickers.bmp,173,576,0.45,MDMMT0006
2018-01-03 12:57:46,10,432,SourSkittles,{},u,True,654508.09,432,576,"[38.4, 135.5]",LEFT,False,/static/stim/SourSkittles.bmp,174,576,0.45,2.5,432,RiceKrispyTreat_small,{},i,True,654512.95,432,576,"[665.6, 135.5]",RIGHT,False,/static/stim/RiceKrispyTreat_small.bmp,174,576,0.45,MDMMT0006
2018-01-03 12:57:46,3.32,432,Crunch,{},u,True,655095.29,432,576,"[38.4, 135.5]",LEFT,False,/static/stim/Crunch.bmp,175,576,0.45,3,432,FamousAmos_small,{},i,True,655100.07,432,576,"[665.6, 135.5]",RIGHT,False,/static/stim/FamousAmos_small.bmp,175,576,0.45,MDMMT0006
2018-01-03 12:57:46,8.23,432,3Musketeers,{},u,True,655682.915,432,576,"[38.4, 135.5]",LEFT,False,/static/stim/3Musketeers.bmp,176,576,0.45,5.18,432,Granolabar,{},i,True,655688.095,432,576,"[665.6, 135.5]",RIGHT,False,/static/stim/Granolabar.bmp,176,576,0.45,MDMMT0006
2018-01-03 12:57:46,5.96,432,Hersheykisses,{},u,True,656263.44,432,576,"[38.4, 135.5]",LEFT,False,/static/stim/Hersheykisses.bmp,177,576,0.45,5.84,432,Cheezits,{},i,True,656263.74,432,576,"[665.6, 135.5]",RIGHT,False,/static/stim/Cheezits.bmp,177,576,0.45,MDMMT0006
2018-01-03 12:57:46,0.09,432,WheatThins,{},u,True,656826.97,432,576,"[38.4, 135.5]",LEFT,False,/static/stim/WheatThins.bmp,178,576,0.45,1.04,432,Ghiradelli_milk_Almonds,{},i,True,656827.275,432,576,"[665.6, 135.5]",RIGHT,False,/static/stim/Ghiradelli_milk_Almonds.bmp,178,576,0.45,MDMMT0006
2018-01-03 12:57:46,2.87,432,PopTartsStrawberry,{},u,True,657428.865,432,576,"[38.4, 135.5]",LEFT,False,/static/stim/PopTartsStrawberry.bmp,179,576,0.45,4.01,432,RitzBitz2,{},i,True,657433.71,432,576,"[665.6, 135.5]",RIGHT,False,/static/stim/RitzBitz2.bmp,179,576,0.45,MDMMT0006
2018-01-03 12:57:46,5.12,432,Snickers,{},u,True,658017.485,432,576,"[38.4, 135.5]",LEFT,False,/static/stim/Snickers.bmp,180,576,0.45,5.37,432,Laysclassic,{},i,True,658017.735,432,576,"[665.6, 135.5]",RIGHT,False,/static/stim/Laysclassic.bmp,180,576,0.45,MDMMT0006
2018-01-03 12:57:46,5.39,432,Skittles,{},u,True,658597.085,432,576,"[38.4, 135.5]",LEFT,False,/static/stim/Skittles.bmp,181,576,0.45,7.64,432,AnimalCrackers,{},i,True,658600.675,432,576,"[665.6, 135.5]",RIGHT,False,/static/stim/AnimalCrackers.bmp,181,576,0.45,MDMMT0006
2018-01-03 12:57:46,4.18,432,Keeblerfudgestripes,{},u,True,659379.715,432,576,"[38.4, 135.5]",LEFT,False,/static/stim/Keeblerfudgestripes.bmp,182,576,0.45,3.54,432,100grand_small,{},i,True,659384.565,432,576,"[665.6, 135.5]",RIGHT,False,/static/stim/100grand_small.bmp,182,576,0.45,MDMMT0006
2018-01-03 12:57:46,5.18,432,Granolabar,{},u,True,659971.295,432,576,"[38.4, 135.5]",LEFT,False,/static/stim/Granolabar.bmp,183,576,0.45,1.04,432,Ghiradelli_milk_Almonds,{},i,True,659971.7,432,576,"[665.6, 135.5]",RIGHT,False,/static/stim/Ghiradelli_milk_Almonds.bmp,183,576,0.45,MDMMT0006
2018-01-03 12:57:46,4.29,432,Milkduds,{},u,True,660548.905,432,576,"[38.4, 135.5]",LEFT,False,/static/stim/Milkduds.bmp,184,576,0.45,4.15,432,FlamingCheetos,{},i,True,660552.98,432,576,"[665.6, 135.5]",RIGHT,False,/static/stim/FlamingCheetos.bmp,184,576,0.45,MDMMT0006
2018-01-03 12:57:46,8.54,432,Cheetos,{},u,True,661246.64,432,576,"[38.4, 135.5]",LEFT,False,/static/stim/Cheetos.bmp,185,576,0.45,8.23,432,3Musketeers,{},i,True,661251.01,432,576,"[665.6, 135.5]",RIGHT,False,/static/stim/3Musketeers.bmp,185,576,0.45,MDMMT0006
2018-01-03 12:57:46,8.54,432,Cheetos,{},u,True,661887.105,432,576,"[38.4, 135.5]",LEFT,False,/static/stim/Cheetos.bmp,186,576,0.45,9.17,432,TootsieRolls,{},i,True,661887.42,432,576,"[665.6, 135.5]",RIGHT,False,/static/stim/TootsieRolls.bmp,186,576,0.45,MDMMT0006
2018-01-03 12:57:46,2.5,432,RiceKrispyTreat_small,{},u,True,662552.535,432,576,"[38.4, 135.5]",LEFT,False,/static/stim/RiceKrispyTreat_small.bmp,187,576,0.45,1.35,432,Milano,{},i,True,662552.785,432,576,"[665.6, 135.5]",RIGHT,False,/static/stim/Milano.bmp,187,576,0.45,MDMMT0006
2018-01-03 12:57:46,5.34,432,Butterfinger,{},u,True,663245.69,432,576,"[38.4, 135.5]",LEFT,False,/static/stim/Butterfinger.bmp,188,576,0.45,5.96,432,Oreos,{},i,True,663250.565,432,576,"[665.6, 135.5]",RIGHT,False,/static/stim/Oreos.bmp,188,576,0.45,MDMMT0006
2018-01-03 12:57:46,5.34,432,Butterfinger,{},u,True,663837.1,432,576,"[38.4, 135.5]",LEFT,False,/static/stim/Butterfinger.bmp,189,576,0.45,1.35,432,Milano,{},i,True,663837.275,432,576,"[665.6, 135.5]",RIGHT,False,/static/stim/Milano.bmp,189,576,0.45,MDMMT0006
2018-01-03 12:57:46,5.84,432,Cheezits,{},u,True,664418.23,432,576,"[38.4, 135.5]",LEFT,False,/static/stim/Cheezits.bmp,190,576,0.45,6.1,432,KitKat_small,{},i,True,664418.5,432,576,"[665.6, 135.5]",RIGHT,False,/static/stim/KitKat_small.bmp,190,576,0.45,MDMMT0006
2018-01-03 12:57:46,5.48,432,Laffytaffyred_one,{},u,True,665074.84,432,576,"[38.4, 135.5]",LEFT,False,/static/stim/Laffytaffyred_one.bmp,191,576,0.45,10,432,Toberlorone,{},i,True,665079.57,432,576,"[665.6, 135.5]",RIGHT,False,/static/stim/Toberlorone.bmp,191,576,0.45,MDMMT0006
2018-01-03 12:57:46,0.01,432,Riprolls,{},u,True,665654.39,432,576,"[38.4, 135.5]",LEFT,False,/static/stim/Riprolls.bmp,192,576,0.45,1.84,432,Whatchamacallit,{},i,True,665659.545,432,576,"[665.6, 135.5]",RIGHT,False,/static/stim/Whatchamacallit.bmp,192,576,0.45,MDMMT0006
2018-01-03 12:57:46,4.18,432,Keeblerfudgestripes,{},u,True,666236.47,432,576,"[38.4, 135.5]",LEFT,False,/static/stim/Keeblerfudgestripes.bmp,193,576,0.45,3.32,432,Crunch,{},i,True,666236.63,432,576,"[665.6, 135.5]",RIGHT,False,/static/stim/Crunch.bmp,193,576,0.45,MDMMT0006
2018-01-03 12:57:46,3.54,432,Ghiradelli_milk,{},u,True,666899.905,432,576,"[38.4, 135.5]",LEFT,False,/static/stim/Ghiradelli_milk.bmp,194,576,0.45,3.78,432,Doritosranch,{},i,True,666900.185,432,576,"[665.6, 135.5]",RIGHT,False,/static/stim/Doritosranch.bmp,194,576,0.45,MDMMT0006
2018-01-03 12:57:46,8.15,432,TeddyGrahamschocolate,{},u,True,667483.085,432,576,"[38.4, 135.5]",LEFT,False,/static/stim/TeddyGrahamschocolate.bmp,195,576,0.45,5.48,432,Laffytaffyred_one,{},i,True,667488.05,432,576,"[665.6, 135.5]",RIGHT,False,/static/stim/Laffytaffyred_one.bmp,195,576,0.45,MDMMT0006
2018-01-03 12:57:46,3.32,432,Crunch,{},u,True,668063.595,432,576,"[38.4, 135.5]",LEFT,False,/static/stim/Crunch.bmp,196,576,0.45,1.35,432,Milano,{},i,True,668063.855,432,576,"[665.6, 135.5]",RIGHT,False,/static/stim/Milano.bmp,196,576,0.45,MDMMT0006
2018-01-03 12:57:46,5.48,432,Laffytaffyred_one,{},u,True,668647.26,432,576,"[38.4, 135.5]",LEFT,False,/static/stim/Laffytaffyred_one.bmp,197,576,0.45,5.39,432,Skittles,{},i,True,668650.105,432,576,"[665.6, 135.5]",RIGHT,False,/static/stim/Skittles.bmp,197,576,0.45,MDMMT0006
2018-01-03 12:57:46,3.54,432,100grand_small,{},u,True,669282.005,432,576,"[38.4, 135.5]",LEFT,False,/static/stim/100grand_small.bmp,198,576,0.45,3.54,432,Ghiradelli_milk,{},i,True,669284.715,432,576,"[665.6, 135.5]",RIGHT,False,/static/stim/Ghiradelli_milk.bmp,198,576,0.45,MDMMT0006
2018-01-03 12:57:46,4.09,432,Goldfish,{},u,True,670002.59,432,576,"[38.4, 135.5]",LEFT,False,/static/stim/Goldfish.bmp,199,576,0.45,6.21,432,PeanutMMs,{},i,True,670002.85,432,576,"[665.6, 135.5]",RIGHT,False,/static/stim/PeanutMMs.bmp,199,576,0.45,MDMMT0006
2018-01-03 12:57:46,4.29,432,Milkduds,{},u,True,670531.465,432,576,"[38.4, 135.5]",LEFT,False,/static/stim/Milkduds.bmp,200,576,0.45,4.09,432,Goldfish,{},i,True,670531.715,432,576,"[665.6, 135.5]",RIGHT,False,/static/stim/Goldfish.bmp,200,576,0.45,MDMMT0006
2018-01-03 12:57:46,8.15,432,TeddyGrahamschocolate,{},u,True,671144.555,432,576,"[38.4, 135.5]",LEFT,False,/static/stim/TeddyGrahamschocolate.bmp,201,576,0.45,9.82,432,CheesyDoritos,{},i,True,671144.815,432,576,"[665.6, 135.5]",RIGHT,False,/static/stim/CheesyDoritos.bmp,201,576,0.45,MDMMT0006
2018-01-03 12:57:47,6.76,432,starburst,{},u,True,671747.18,432,576,"[38.4, 135.5]",LEFT,False,/static/stim/starburst.bmp,202,576,0.45,4.18,432,Keeblerfudgestripes,{},i,True,671751.28,432,576,"[665.6, 135.5]",RIGHT,False,/static/stim/Keeblerfudgestripes.bmp,202,576,0.45,MDMMT0006
2018-01-03 12:57:47,3.68,432,Dots_one,{},u,True,672331.95,432,576,"[38.4, 135.5]",LEFT,False,/static/stim/Dots_one.bmp,203,576,0.45,9.9,432,Cheese_PeanutButterCrackers,{},i,True,672338.435,432,576,"[665.6, 135.5]",RIGHT,False,/static/stim/Cheese_PeanutButterCrackers.bmp,203,576,0.45,MDMMT0006
2018-01-03 12:57:47,5.37,432,Laysclassic,{},u,True,672865.67,432,576,"[38.4, 135.5]",LEFT,False,/static/stim/Laysclassic.bmp,204,576,0.45,8.95,432,Chocolate_mm,{},i,True,672865.89,432,576,"[665.6, 135.5]",RIGHT,False,/static/stim/Chocolate_mm.bmp,204,576,0.45,MDMMT0006
2018-01-03 12:57:47,7.64,432,AnimalCrackers,{},u,True,673439.49,432,576,"[38.4, 135.5]",LEFT,False,/static/stim/AnimalCrackers.bmp,205,576,0.45,9.28,432,FigNewton_small,{},i,True,673439.775,432,576,"[665.6, 135.5]",RIGHT,False,/static/stim/FigNewton_small.bmp,205,576,0.45,MDMMT0006
2018-01-03 12:57:47,0.34,432,Almondjoy,{},u,True,674065.715,432,576,"[38.4, 135.5]",LEFT,False,/static/stim/Almondjoy.bmp,206,576,0.45,0.09,432,WheatThins,{},i,True,674065.9,432,576,"[665.6, 135.5]",RIGHT,False,/static/stim/WheatThins.bmp,206,576,0.45,MDMMT0006
2018-01-03 12:57:47,2.39,432,PringlesRed,{},u,True,674644.54,432,576,"[38.4, 135.5]",LEFT,False,/static/stim/PringlesRed.bmp,207,576,0.45,2.18,432,BabyRuth,{},i,True,674649.27,432,576,"[665.6, 135.5]",RIGHT,False,/static/stim/BabyRuth.bmp,207,576,0.45,MDMMT0006
2018-01-03 12:57:47,2.39,432,PringlesRed,{},u,True,675238.205,432,576,"[38.4, 135.5]",LEFT,False,/static/stim/PringlesRed.bmp,208,576,0.45,6.21,432,PeanutMMs,{},i,True,675238.47,432,576,"[665.6, 135.5]",RIGHT,False,/static/stim/PeanutMMs.bmp,208,576,0.45,MDMMT0006
2018-01-03 12:57:47,5.37,432,Laysclassic,{},u,True,675824.055,432,576,"[38.4, 135.5]",LEFT,False,/static/stim/Laysclassic.bmp,209,576,0.45,1.62,432,Nutterbutter,{},i,True,675824.305,432,576,"[665.6, 135.5]",RIGHT,False,/static/stim/Nutterbutter.bmp,209,576,0.45,MDMMT0006
